"collection","id","value","present"
"positions","academic-associate-padua","Professore Associato",TRUE
"positions","academic-rtdb-padua","Ricercatore a Tempo Determinato (tipo B)",TRUE
"positions","academic-rtda-padua","Ricercatore a Tempo Determinato (tipo A)",TRUE
"positions","fellowships-type-b-padua","Due assegni di ricerca di tipo B",TRUE
"positions","fellowships-type-a-padua","Due assegni di ricerca di tipo A",TRUE
"positions","visiting-phd-city-2015","Visiting PhD student",TRUE
"positions","visiting-phd-city-2014","Visiting PhD student",TRUE
"positions","erasmus-research-oslo","Studente Erasmus / Assistente di ricerca",TRUE
"positions","labda-clinical-supervision","Partecipante alle riunioni di supervisione clinica",TRUE
"positions","labda-internship","Tirocinante",TRUE
"positions","alzheimer-verona-internship","Tirocinante clinico",TRUE
"education","phd-psychological-sciences-padua","Dottorato di Ricerca",TRUE
"education","msc-experimental-psychology-padua","Laurea Magistrale",TRUE
"education","technical-diploma-computer-science","Diploma di Perito Informatico",TRUE
"grants","prin-pnrr-time-processing-adhd","Time processing skills in primary school children with ADHD: A multi-informant approach to diagnosis and intervention",TRUE
"grants","prin-tails-or-types","Tails or types? Testing the dimensional hypothesis in neurodevelopmental disorders",TRUE
"grants","prid-stratys","STRATYS - Linking personality and daily stress: an intensive ecological assessment of psychological and physiological responses",TRUE
"grants","prid-pio","PIO - Perspective on Intelligence Ontogeny",TRUE
"teaching","phd-python-data-science","Basics of Python for Data Science",TRUE
"teaching","phd-r-data-science","Basics of R for Data Science",TRUE
"teaching","phd-programming-experiments","Programming Experiments (E-Prime and other software)",TRUE
"teaching","degree-human-intelligence","Psicologia dell’Intelligenza Umana",TRUE
"teaching","degree-general-psychology-tmps","General Psychology",TRUE
"teaching","degree-smell-taste","Olfatto e Gusto: Sensazione e Cognizione",TRUE
"teaching","degree-audiology-psychology","Audiologia e Psicologia",TRUE
"teaching","degree-psychological-sciences-rehab","Scienze Psicologiche",TRUE
"teaching","degree-aging-psychology","Psicologia dell’Invecchiamento",TRUE
"teaching","supplementary-basic-concepts","Basic Concepts of Psychology (module B)",TRUE
"teaching","supplementary-general-psychology","Psicologia Generale (modulo A)",TRUE
"teaching","supplementary-learning-memory","Psicologia dell’Apprendimento e della Memoria",TRUE
"teaching","master-learning-psychopathology","Valutazione dell’intelligenza nei disturbi del neurosviluppo",TRUE
"teaching","master-aging-longevity","Valutazione dell’intelligenza nell’adulto e nell’anziano",TRUE
"service","winter-school-4ms-2025","International Winter School 2025: The 4Ms: Meta-research, Measurement, Multi-lab, and Multiverse data analysis in Behavioral Sciences",TRUE
"service","handzone-workshops","HandZone workshop",TRUE
"service","srld-conference-2019","1° convegno internazionale The SRLD",TRUE
"service","winter-school-beyond-p-2019","International Winter School 2019: Beyond p < .05: modern statistical approaches in psychological science",TRUE
"service","ewic-2018-organization","16° European Workshop on Imagery and Cognition (EWIC)",TRUE
"service","plos-one-editorial-board","PLOS ONE",TRUE
"service","paid-editorial-board","Personality and Individual Differences",TRUE
"service","down-syndrome-special-issue","Individuals with Down Syndrome",TRUE
"service","phd-advisory-board","Corso di dottorato in Psychological Sciences",TRUE
"service","psychology-ethics-president","Comitato Etico di Psicologia/Area 17",TRUE
"service","psychology-ethics-member","Comitato Etico di Psicologia/Area 17",TRUE
"service","new-staff-onboarding-group","Procedure di accoglienza docenti/ricercatori neo-assunti e semplificazione",TRUE
"service","third-mission-open-science-commission","Commissione Terza Missione",TRUE
"service","dor-working-group","Commissione per la procedura di ripartizione dei fondi DOR",TRUE
"service","phd-website-webmaster","Sito del Corso di dottorato in Psychological Sciences",TRUE
"service","uniphd-ethics-committee","Comitato Etico UNIPhD (MSCA-Cofund)",TRUE
"service","research-fellow-selection-committees","Commissioni per assegni di ricerca di tipo A",TRUE
"service","master-degree-committees","Commissioni di Laurea Magistrale",TRUE
"service","bachelor-degree-committees","Commissioni proclamatrici e preparatorie di Laurea Triennale",TRUE
"presentations","presentation-2025-01-limiti-nell-uso-delle-discrepanze-nel-prof","Limiti nell’uso delle discrepanze nel profilo cognitivo per la diagnosi",TRUE
"presentations","presentation-2025-02-approccio-dimensionale-all-adhd-consideraz","Approccio dimensionale all’ADHD: considerazioni teoriche e psicometriche",TRUE
"presentations","presentation-2024-03-approccio-dimensionale-e-transdiagnostico-","Approccio dimensionale e transdiagnostico ai disturbi del neurosviluppo",TRUE
"presentations","presentation-2024-04-attitudini-matematiche-e-prestazione-uno-s","Attitudini matematiche e prestazione: uno studio cross-culturale tra Italia e Francia nella scuola primaria",TRUE
"presentations","presentation-2023-05-perche-e-meglio-non-usare-praticamente-mai","Perché è meglio non usare (praticamente mai) l’analisi dei cluster sulle casistiche in psicologia dello sviluppo",TRUE
"presentations","presentation-2023-06-le-differenze-di-genere-in-alunni-con-e-se","Le differenze di genere in alunni con e senza DSA: dai profili cognitivi all’ansia da prestazione",TRUE
"presentations","presentation-2022-07-problems-with-clustering-cases-from-quanti","Problems with Clustering Cases from Quantitative Psychological Data on Individual Differences",TRUE
"presentations","presentation-2022-08-preferred-evaluation-of-cognitive-and-neur","Preferred Evaluation of Cognitive and Neuropsychological Studies: The Pecans Statement for Human Studies",TRUE
"presentations","presentation-2022-09-struttura-profilo-e-significato-diagnostic","Struttura, profilo e significato diagnostico dell’intelligenza nell’ADHD sono sorprendentemente simili a quelli dei DSA",TRUE
"presentations","presentation-2022-10-emotional-aspects-and-reading-motivation-i","Emotional Aspects and Reading Motivation in Children with Dyslexia: A Dimensional Framework",TRUE
"presentations","presentation-2022-11-an-investigation-of-the-female-and-male-ga","An investigation of the female and male gaps in maths and reading using a large and representative Italian sample: The impact of differential item functioning and anxiety",TRUE
"presentations","presentation-2022-12-non-pharmacological-interventions-for-slee","Non-pharmacological interventions for sleep quality in older adults: a systematic review and meta-analysis",TRUE
"presentations","presentation-2021-13-spatial-learning-and-gender-cognitive-moti","Spatial learning and gender: cognitive, motivational, and social factors",TRUE
"presentations","presentation-2021-14-il-rasoio-di-occam-applicato-alla-dislessi","Il rasoio di Occam applicato alla dislessia (nella ricerca)",TRUE
"presentations","presentation-2020-15-entia-non-sunt-multiplicanda-shall-i-look-","Entia non sunt multiplicanda... Shall I look for clusters in my data? Maybe not!",TRUE
"presentations","presentation-2019-16-elicitazione-e-utilizzo-del-parere-degli-e","Elicitazione e utilizzo del parere degli esperti",TRUE
"presentations","presentation-2019-17-profile-and-structure-of-intelligence-in-c","Profile and structure of intelligence in children with specific learning disorders",TRUE
"presentations","presentation-2018-18-profili-intellettivi-alla-wisc-iv-nei-dist","Profili intellettivi alla WISC-IV nei disturbi del neurosviluppo e nelle eccezionalità",TRUE
"presentations","presentation-2018-19-the-significance-of-working-memory-within-","The significance of working memory within the intellectual profile of children with learning disorder",TRUE
"presentations","presentation-2018-20-bifactor-structure-of-the-wisc-iv-in-child","Bifactor structure of the WISC-IV in children with learning disorder vs typical development: better looking at g or at the specific factors?",TRUE
"presentations","presentation-2018-21-avoiding-the-floor-effect-in-the-wisc-iv-u","Avoiding the floor effect in the WISC-IV using Z scores and equivalent age: average profile and factor analysis on individuals with intellectual disability",TRUE
"presentations","presentation-2018-22-environment-learning-from-virtual-explorat","Environment learning from virtual exploration in individuals with Down syndrome: perspective, sketch maps, and individual differences",TRUE
"presentations","presentation-2018-23-the-dark-side-of-personality-individual-di","The dark side of personality: Individual differences in personality and their impact on emotional false memories for pictorial scripted events",TRUE
"presentations","presentation-2018-24-evitare-l-effetto-pavimento-della-wisc-iv-","Evitare l’effetto pavimento della WISC-IV nella disabilità intellettiva: età equivalente e punti z",TRUE
"presentations","presentation-2017-25-dsa-e-intelligenza-profilo-wisc-iv-e-plusd","DSA e intelligenza: profilo WISC-IV e plusdotazione intellettiva",TRUE
"presentations","presentation-2017-26-il-ruolo-delle-variabili-socio-economiche-","Il ruolo delle variabili socio-economiche nell’apprendimento della lettura",TRUE
"presentations","presentation-2017-27-una-nuova-prova-di-lettura-sub-lessicale-p","Una nuova prova di lettura sub-lessicale per la classe prima primaria",TRUE
"presentations","presentation-2017-28-trend-evolutivi-dello-span-di-binding-visu","Trend evolutivi dello span di binding visuo-fonologico",TRUE
"presentations","presentation-2017-29-bambini-con-dsa-e-plusdotazione-intelletti","Bambini con DSA e plusdotazione intellettiva: Analisi della frequenza e profilo WISC-IV",TRUE
"presentations","presentation-2016-30-l-apprendimento-di-ambienti-in-persone-con","L’apprendimento di ambienti in persone con Sindrome di Down: Il ruolo della prospettiva e dell’ausilio della mappa",TRUE
"presentations","presentation-2016-31-punti-di-forza-e-debolezza-nel-profilo-wis","Punti di forza e debolezza nel profilo WISC in soggetti con DSA: uno studio con 1049 bambini",TRUE
"presentations","presentation-2016-32-wisc-iv-intellectual-profile-in-different-","WISC-IV intellectual profile in different subtypes of Specific Learning Disorder: Similarities and Differences",TRUE
"presentations","presentation-2016-33-emotional-false-memories-for-pictorial-scr","Emotional false memories for pictorial scripted material: The role of distinctiveness and negative valence",TRUE
"presentations","presentation-2016-34-environment-knowledge-acquisition-in-indiv","Environment knowledge acquisition in individuals with Down syndrome: The role of descriptions and maps",TRUE
"presentations","presentation-2016-35-the-influence-of-metacognitive-beliefs-on-","The influence of metacognitive beliefs on positive and negative affect in parents of children with cancer",TRUE
"presentations","presentation-2016-36-efficacia-della-discrepanza-tra-indici-wis","Efficacia della discrepanza tra indici WISC-IV come marcatore clinico di DSA",TRUE
"presentations","presentation-2015-37-the-relevance-of-memory-sensitivity-and-it","The relevance of ‘Memory Sensitivity’ and its implications for everyday functioning",TRUE
"presentations","presentation-2015-38-emotional-false-memories-for-events-the-ro","Emotional false memories for events: The role of working memory",TRUE
"presentations","presentation-2014-39-un-elevato-tratto-ansioso-incrementa-i-fal","Un elevato tratto ansioso incrementa i falsi ricordi inferenziali per eventi negativi",TRUE
"presentations","presentation-2014-40-falsi-ricordi-per-eventi-emozionali-il-ruo","Falsi ricordi per eventi emozionali: Il ruolo delle differenze individuali nella memoria di lavoro e nei tratti ansioso-depressi",TRUE
"presentations","presentation-2013-41-leopardismo-maledizione-per-gli-adolescent","Leopardismo: maledizione per gli adolescenti ma risorsa per gli anziani?",TRUE
"presentations","presentation-2013-42-false-memories-of-emotional-events-depress","False memories of emotional events: Depression does not protect against memory distortions",TRUE
"presentations","presentation-2012-43-falsi-ricordi-inferenziali-quando-le-emozi","Falsi ricordi inferenziali: quando le emozioni negative ingannano di meno",TRUE
"outreach","training-intelligence-plural","Siamo davvero intelligenti? Certezze e incertezze sull’intelligenza umana",TRUE
"outreach","essere-intelligente-2025","L’Intelligenza Umana",TRUE
"outreach","science4all-2024","Centra il bersaglio: tra misurazione, probabilità e incertezza",TRUE
"outreach","orientation-days","Giornate di orientamento (ex Agripolis)",TRUE
"outreach","psychopedagogical-week-training","Settimana psicopedagogica - Civitanova Marche",TRUE
"outreach","music-intelligence-mooc-interview","Struttura dell’intelligenza (unitaria o multipla?)",TRUE
"outreach","general-psychology-mooc","General Psychology",TRUE
"outreach","labda-knowledge-transfer","Valutazione e intervento sui disturbi dell’apprendimento in età evolutiva",TRUE
"outreach","lsc-sua-standardization","LSC-SUA - Prove di lettura, comprensione del testo, scrittura e calcolo",TRUE
"outreach","open-science-transfer","Pratiche di Open Science per la Terza Missione",TRUE
"publications_title","cortesi2026time","Time processing skills in individuals with math impairment and developmental dyscalculia",TRUE
"publications_title","toffalini2025intellectual","Intellectual giftedness in adult lifespan: just a dimensional account or are there areas especially sensitive to high potential?",TRUE
"publications_title","perugini2025benefits","The benefits of reporting critical effect size values",TRUE
"publications_title","pelegrina2025stability","Stability of math anxiety and its relation with math performance over time: A meta-analysis of longitudinal studies",TRUE
"publications_title","esposito2025sex","Sex differences in variability: Evidence from math and reading assessment in Italy",TRUE
"publications_title","costa2025enhancing","Enhancing the quality and reproducibility of research: Preferred Evaluation of Cognitive and Neuropsychological Studies - The PECANS statement for human studies",TRUE
"publications_title","caviola2025exploring","Exploring the mediating role of academic anxiety in mathematics and reading performance among boys and girls: A comprehensive study of Italian fifth graders",TRUE
"publications_title","toffalini2024clusters","Clusters that are not there: An R tutorial and a Shiny app to quantify a priori inferential risks when using clustering methods",TRUE
"publications_title","toffalini2024attenzione","Attenzione all’uso delle discrepanze nel profilo di intelligenza per l’identificazione di DSA e ADHD",TRUE
"publications_title","szczygiel2024math","Math anxiety and math achievement in primary school children: Longitudinal relationship and predictors",TRUE
"publications_title","sella2024effects","Effects of music listening on cognition and affective state in older adults: A systematic review and meta-analysis",TRUE
"publications_title","giofre2024understanding","Understanding sex/gender differences in intelligence profiles of children with Autism: A comprehensive WISC meta-analysis",TRUE
"publications_title","giofre2024sexa","Sex/gender differences in general cognitive abilities: an investigation using the Leiter‑3",TRUE
"publications_title","giofre2024sex","Sex differences in cognition: A meta-analysis of variance ratios in the Wechsler Intelligence Scales for Children",TRUE
"publications_title","feraco2024sembeddings","SEMbeddings: how to evaluate model misfit before data collection using large-language models",TRUE
"publications_title","donolato2024emotion","In emotion and reading motivation, children with a diagnosis of dyslexia are not just the end of a continuum",TRUE
"publications_title","caviola2024learning","Learning disorders and difficulties: From a categorical to a dimensional perspective",TRUE
"publications_title","taddei2023developmental","Developmental profiles of young children with autism spectrum disorder and global developmental delay: A study with the Griffiths III scales",TRUE
"publications_title","szucs2023maths","Maths anxiety and subjective perception of control, value and success expectancy in mathematics",TRUE
"publications_title","sella2023efficacy","Efficacy of memory training interventions targeting metacognition for older adults: a systematic review and meta-analysis",TRUE
"publications_title","pizzigallo2023intellectual","The intellectual profile of adults with specific learning disabilities",TRUE
"publications_title","pietschnig2023reliability","Reliability of the g factor over time in Italian INVALSI data (2010-2022): what can achievement-g tell us about the Flynn effect?",TRUE
"publications_title","giofre2023gender","Gender Differences in the Wechsler Intelligence Scale for Children in a Large Group of Italian Children with Attention Deficit Hyperactivity Disorder",TRUE
"publications_title","donolato2023oral","Oral language interventions can improve language outcomes in children with neurodevelopmental disorders: A systematic review and meta-analysis",TRUE
"publications_title","cornoldi2023cognitive","Cognitive characteristics of intellectually gifted children with a diagnosis of ADHD",TRUE
"publications_title","bolognesi2023perceived","Perceived psychological restorativeness in relation to individual and environmental variables: a study conducted at Poetto beach in Sardinia, Italy",TRUE
"publications_title","toffalini2022structure","The structure, profile, and diagnostic significance of intelligence in children with ADHD are impressively similar to those of children with a specific learning disorder",TRUE
"publications_title","toffalini2022entia","Entia non sunt multiplicanda… Shall I look for clusters in my cognitive data?",TRUE
"publications_title","sella2022non","Non-pharmacological interventions targeting sleep quality in older adults: a systematic review and meta-analysis",TRUE
"publications_title","re2022progressivo","Il progressivo ridimensionamento dell'uso di categorie diagnostiche nei disturbi del neurosviluppo: alcune riflessioni a partire dall'intervento di Antonietti, Borgatti e Giorgetti",TRUE
"publications_title","monaci2022disturbi","Disturbi specifici di apprendimento e multimedialità: l’efficacia di un training di potenziamento cognitivo tramite l’uso di web app",TRUE
"publications_title","lanfranchi2022individuals","Individuals with Down syndrome: Editorial",TRUE
"publications_title","giofre2022impasse","The impasse on gender differences in intelligence: a meta-analysis on WISC batteries",TRUE
"publications_title","giofre2022decoding","Decoding gender differences: intellectual profiles of children with specific learning disabilities",TRUE
"publications_title","cornoldi2022emotional","Emotional response to testing in gifted and highly-gifted children",TRUE
"publications_title","caviola2022math","Math performance and academic anxiety forms, from sociodemographic to cognitive aspects: a meta-analysis on 906,311 participants",TRUE
"publications_title","carretti2022structure","Structure of working memory in children from 3 to 8 years old",TRUE
"publications_title","carretti2022inferring","Inferring the performance of children with dyslexia from that of the general population: The case of associative phonological working memory",TRUE
"publications_title","carretti2022developmental","Developmental trajectories of spatial-sequential and spatial-simultaneous working memory in Down syndrome",TRUE
"publications_title","toffalini2021dyslexia","Dyslexia treatment studies: A systematic review and suggestions on testing treatment efficacy with small effects and small samples",TRUE
"publications_title","sella2021self","Self-reported sleep quality and dysfunctional sleep-related beliefs in young and older adults: changes in times of COVID-19 lockdown",TRUE
"publications_title","sella2021relationship","The relationship between sleep quality and quality of life in aging: a systematic review and meta-analysis",TRUE
"publications_title","miola2021environmental","Environmental learning in a virtual environment: Do gender, spatial self-efficacy, and visuospatial abilities matter?",TRUE
"publications_title","meneghetti2021successful","Successful navigation: the influence of task goals and working memory",TRUE
"publications_title","meneghetti2021path","Path learning in individuals with Down syndrome: The challenge of learning condition and cognitive abilities",TRUE
"publications_title","meneghetti2021learning","Learning from navigation, and tasks assessing its accuracy: the role of visuospatial abilities and wayfinding inclinations",TRUE
"publications_title","mammarella2021evidence","No evidence for a core deficit in developmental dyscalculia or mathematical learning disabilities",TRUE
"publications_title","locatelli2021age","Is the age of developmental milestones a predictor for future development in Down syndrome?",TRUE
"publications_title","grassi2021two","Two replications of Raymond, Shapiro, and Arnell (1992): The Attentional Blink",TRUE
"publications_title","fontana2021meta","Meta-analysis on inhibition from childhood to young adulthood in people with Down syndrome",TRUE
"publications_title","doerr2021developmental","Developmental trajectories in spatial visualization and mental rotation in individuals with Down syndrome",TRUE
"publications_title","cornoldi2021memory","Memory sensitivity and its relationship with the behavioural inhibitory and activation systems and the presence of internalising symptoms in a group of 9th to 13th graders",TRUE
"publications_title","cornoldi2021difficulties","Difficulties of young adults with dyslexia in reading and writing numbers",TRUE
"publications_title","carretti2021memoria","La memoria",TRUE
"publications_title","bayramova2021auditory","Auditory selective attention under working memory load",TRUE
"publications_title","toffalini2020false","False memory for pictorial scripted material: the role of distinctiveness and negative emotion",TRUE
"publications_title","toffalini2020eccezionalita","Eccezionalità: Categorie o code di distribuzioni?",TRUE
"publications_title","sella2020personality","Personality traits and sleep quality: the role of sleep-related beliefs",TRUE
"publications_title","mirandola2020power","The power of extraversion? Reduced false memories for positive events",TRUE
"publications_title","meneghetti2020spatial","Spatial description learning in preschoolers: the role of perspective and individual factors",TRUE
"publications_title","meneghetti2020path","Path learning in individuals with Down syndrome: the floor matrix task and the role of individual visuo-spatial measures",TRUE
"publications_title","marsura2020prova","La prova CO-TT di updating di memoria di lavoro. Dati normativi e confronto fra la prestazione di bambini con sviluppo tipico e con problemi di comprensione del testo",TRUE
"publications_title","giofre2020population","A population level analysis of the gender gap in mathematics: Results on over 13 million children using the INVALSI dataset",TRUE
"publications_title","donolato2020going","Going beyond mathematics anxiety in primary and middle school students: The role of ego-resiliency in mathematics",TRUE
"publications_title","delogu2020morra","The Morra game as a naturalistic test bed for investigating automatic and voluntary processes in random sequence generation",TRUE
"publications_title","carretti2020text","Text reading speed in a language with a shallow orthography benefits less from comprehension as reading ability matures",TRUE
"publications_title","altoe2020enhancing","Enhancing statistical inference in psychological research via prospective and retrospective design analysis",TRUE
"publications_title","toffalini2019wisc","WISC-IV e disabilità intellettiva: L’uso dell’età equivalente",TRUE
"publications_title","toffalini2019using","Using Z and age-equivalent scores to address WISC-IV floor effects for children with intellectual disability",TRUE
"publications_title","toffalini2019reading","Reading in a transparent second language with limited orality: the case of high-school students with dyslexia in Latin",TRUE
"publications_title","toffalini2019inferential","Inferential false memories for emotional events in older adults",TRUE
"publications_title","toffalini2019dislessia","La dislessia evolutiva",TRUE
"publications_title","toffalini2019cross","A cross-modal working memory binding span deficit in reading disability",TRUE
"publications_title","tizi2019atmosfera","Atmosfera percepita di due allestimenti museali in relazione a fattori ambientali e variabili cognitive, affettive e rigenerative: Analisi delle caratteristiche psicometriche dell’adattamento italiano del Perceived Atmosphere Instrument",TRUE
"publications_title","meneghetti2019environment","Environment learning in individuals with Down syndrome",TRUE
"publications_title","giofre2019lumpers","Lumpers vs splitters: intelligence in children with specific learning disorders",TRUE
"publications_title","giofre2019children","Are children with developmental dyslexia all the same? A cluster analysis with more than 300 cases",TRUE
"publications_title","cornoldi2019sintesi","Sintesi dei risultati principali ottenuti con la banca dati AIRIPA di più di 1.800 casi di DSA valutati con la WISC-IV",TRUE
"publications_title","cornoldi2019discrepancy","The discrepancy between verbal and visuoperceptual IQ in children with a specific learning disorder: an analysis of 1,624 cases",TRUE
"publications_title","toffalini2018environment","Environment learning from virtual exploration in individuals with Down syndrome: The role of perspective and sketch maps",TRUE
"publications_title","toffalini2018effects","The effects of the constancy of location and order in working memory visual-phonological binding of children with dyslexia",TRUE
"publications_title","talamini2018learning","Learning a second language: Can music aptitude or music training have a role?",TRUE
"publications_title","meneghetti2018mentala","Mental rotation ability and everyday-life spatial activities in individuals with Down syndrome",TRUE
"publications_title","meneghetti2018mental","Mental rotation training in older adults: The role of practice and strategy",TRUE
"publications_title","knott2018role","The role of attention in immediate emotional false memory enhancement",TRUE
"publications_title","di-mauro2018effect","Effect of long-term music training on emotion perception from drumming improvisation",TRUE
"publications_title","calgaro2018prova","La prova di lettura sublessicale PLS per la valutazione delle abilità di lettura di bambini di prima primaria",TRUE
"publications_title","toffalini2017strengths","Strengths and weaknesses in the intellectual profile of different subtypes of specific learning disorder: A study on 1049 diagnosed children",TRUE
"publications_title","toffalini2017pros","Pros and cons of using intelligence batteries for the study of clinical populations: A response to Beaujean (2017)",TRUE
"publications_title","toffalini2017einstein","Einstein and dyslexia: Is giftedness more frequent in children with a specific learning disorder than in typically developing children?",TRUE
"publications_title","muffato2017individual","Individual visuo-spatial factors and familiar environment knowledge: A structural equation modeling analysis",TRUE
"publications_title","mirandola2017working","Working memory affects false memory production for emotional events",TRUE
"publications_title","mirandola2017what","What happened first? Working memory and negative emotion tell you better: Evidence from a temporal binding task",TRUE
"publications_title","meneghetti2017visuo","Visuo-spatial knowledge acquisition in individuals with Down syndrome: The role of descriptions and sketch maps",TRUE
"publications_title","meneghetti2017contribution","The contribution of visuo-spatial factors in representing a familiar environment: The case of undergraduate students at a university campus",TRUE
"publications_title","melinder2017positive","Positive events protect children from causal false memories for scripted events",TRUE
"publications_title","losito2017abilita","Abilità di lettura e competenza grammaticale in latino in studenti di scuola superiore con diagnosi di dislessia",TRUE
"publications_title","grassi2017auditory","Auditory and cognitive performance in elderly musicians and nonmusicians",TRUE
"publications_title","giofre2017wisc","La WISC-IV sovrastima le competenze dei ragazzi italiani? Discrepanze tra la standardizzazione UK e quella Italiana della scala",TRUE
"publications_title","giofre2017intelligence","Intelligence measures as diagnostic tools for children with specific learning disabilities",TRUE
"publications_title","toffalini2016relevance","The relevance of memory sensitivity for psychological well-being in aging",TRUE
"publications_title","mirandola2016arousal","Arousal – but not valence – reduces false memories at retrieval",TRUE
"publications_title","toffalini2015metacognitive","Metacognitive aspects influence subjective well-being in parents of children with cancer",TRUE
"publications_title","toffalini2015high","High trait anxiety increases inferential false memories for negative (but not positive) emotional events",TRUE
"publications_title","toffalini2015enhanced","Enhanced memory for negative scripted material in low compared to high sensation seekers",TRUE
"publications_title","toffalini2014emotional","Emotional negative events do not protect against false memories in young adults with depressive-anxious personality traits",TRUE
"publications_title","mirandola2014inferential","Inferential false memories of events: Negative consequences protect from distortions when the events are free from further elaboration",TRUE
"publications_doi","cortesi2026time","10.1016/j.ridd.2025.105182",TRUE
"publications_doi","toffalini2025intellectual","10.1016/j.paid.2025.113274",TRUE
"publications_doi","perugini2025benefits","10.1177/2515245925133529",TRUE
"publications_doi","pelegrina2025stability","10.1037/edu0001008",TRUE
"publications_doi","esposito2025sex","10.1016/j.paid.2025.113410",TRUE
"publications_doi","costa2025enhancing","10.3758/s13428-025-02705-3",TRUE
"publications_doi","caviola2025exploring","10.1016/j.lindif.2025.102726",TRUE
"publications_doi","toffalini2024clusters","10.1002/ijop.13246",TRUE
"publications_doi","toffalini2024attenzione","10.1449/113498",TRUE
"publications_doi","szczygiel2024math","10.1016/j.learninstruc.2024.101906",TRUE
"publications_doi","sella2024effects","10.1027/1016-9040/a000533",TRUE
"publications_doi","giofre2024understanding","10.1016/j.ridd.2024.104854",TRUE
"publications_doi","giofre2024sexa","10.1007/s10339-024-01199-9",TRUE
"publications_doi","giofre2024sex","10.1016/j.paid.2024.112776",TRUE
"publications_doi","feraco2024sembeddings","10.3389/fpsyg.2024.1433339",TRUE
"publications_doi","donolato2024emotion","10.1002/dys.1778",TRUE
"publications_doi","caviola2024learning","10.1016/j.lindif.2024.102490",TRUE
"publications_doi","taddei2023developmental","10.1002/aur.2953",TRUE
"publications_doi","szucs2023maths","10.1098/rsos.231000",TRUE
"publications_doi","sella2023efficacy","10.1080/13607863.2022.2122931",TRUE
"publications_doi","pizzigallo2023intellectual","10.3390/jintelligence11120223",TRUE
"publications_doi","pietschnig2023reliability","10.1016/j.paid.2023.112345",TRUE
"publications_doi","giofre2023gender","10.3390/jintelligence11090178",TRUE
"publications_doi","donolato2023oral","10.1002/cl2.1368",TRUE
"publications_doi","cornoldi2023cognitive","10.1016/j.intell.2023.101736",TRUE
"publications_doi","bolognesi2023perceived","10.3390/su15032794",TRUE
"publications_doi","toffalini2022structure","10.1016/j.ridd.2022.104306",TRUE
"publications_doi","toffalini2022entia","10.1371/journal.pone.0269584",TRUE
"publications_doi","sella2022non","10.1080/13607863.2022.2056879",TRUE
"publications_doi","re2022progressivo","10.3280/rip2022oa15606",TRUE
"publications_doi","monaci2022disturbi","10.1449/102016",TRUE
"publications_doi","lanfranchi2022individuals","10.3390/brainsci12030398",TRUE
"publications_doi","giofre2022impasse","10.1007/s10648-022-09705-1",TRUE
"publications_doi","giofre2022decoding","10.1016/j.intell.2021.101615",TRUE
"publications_doi","cornoldi2022emotional","10.1177/00169862211042901",TRUE
"publications_doi","caviola2022math","10.1007/s10648-021-09618-5",TRUE
"publications_doi","carretti2022structure","10.1037/dev0001385",TRUE
"publications_doi","carretti2022inferring","10.1080/10888438.2021.1897596",TRUE
"publications_doi","carretti2022developmental","10.1111/jir.12904",TRUE
"publications_doi","toffalini2021dyslexia","10.3758/s13428-021-01549-x",TRUE
"publications_doi","sella2021self","10.1016/j.sleep.2021.02.017",TRUE
"publications_doi","sella2021relationship","10.1080/17437199.2021.1974309",TRUE
"publications_doi","miola2021environmental","10.1016/j.jenvp.2021.101704",TRUE
"publications_doi","meneghetti2021successful","10.1007/s00426-019-01270-7",TRUE
"publications_doi","meneghetti2021path","10.3389/fpsyg.2021.643702",TRUE
"publications_doi","meneghetti2021learning","10.1016/j.jenvp.2021.101614",TRUE
"publications_doi","mammarella2021evidence","10.1111/jcpp.13397",TRUE
"publications_doi","locatelli2021age","10.3390/brainsci11050655",TRUE
"publications_doi","grassi2021two","10.3758/s13428-020-01457-6",TRUE
"publications_doi","fontana2021meta","10.1016/j.ridd.2020.103838",TRUE
"publications_doi","doerr2021developmental","10.3390/brainsci11050610",TRUE
"publications_doi","cornoldi2021memory","10.1016/j.paid.2021.110638",TRUE
"publications_doi","cornoldi2021difficulties","10.1177/00222194211037061",TRUE
"publications_doi","bayramova2021auditory","10.1007/s00426-020-01437-7",TRUE
"publications_doi","toffalini2020false","10.1080/02699931.2020.1749034",TRUE
"publications_doi","toffalini2020eccezionalita","10.1421/100076",TRUE
"publications_doi","sella2020personality","10.1016/j.paid.2019.109770",TRUE
"publications_doi","mirandola2020power","10.1016/j.paid.2020.109861",TRUE
"publications_doi","meneghetti2020spatial","10.1016/j.cogdev.2019.100841",TRUE
"publications_doi","meneghetti2020path","10.3389/fnhum.2020.00107",TRUE
"publications_doi","marsura2020prova","10.1449/97008",TRUE
"publications_doi","giofre2020population","10.1016/j.intell.2020.101467",TRUE
"publications_doi","donolato2020going","10.1111/mbe.12251",TRUE
"publications_doi","delogu2020morra","10.3389/fpsyg.2020.551126",TRUE
"publications_doi","carretti2020text","10.1111/bjep.12307",TRUE
"publications_doi","altoe2020enhancing","10.3389/fpsyg.2019.02893",TRUE
"publications_doi","toffalini2019wisc","10.1449/95152",TRUE
"publications_doi","toffalini2019using","10.1111/jir.12589",TRUE
"publications_doi","toffalini2019reading","10.1002/dys.1603",TRUE
"publications_doi","toffalini2019inferential","10.1111/bjop.12371",TRUE
"publications_doi","toffalini2019cross","10.1177/0022219418786691",TRUE
"publications_doi","tizi2019atmosfera","10.1421/95572",TRUE
"publications_doi","meneghetti2019environment","10.1016/bs.irrdd.2019.06.003",TRUE
"publications_doi","giofre2019lumpers","10.1016/j.intell.2019.101380",TRUE
"publications_doi","giofre2019children","10.1002/dys.1629",TRUE
"publications_doi","cornoldi2019sintesi","10.14605/dis1631901",TRUE
"publications_doi","cornoldi2019discrepancy","10.1016/j.ridd.2019.02.002",TRUE
"publications_doi","toffalini2018environment","10.1111/jir.12445",TRUE
"publications_doi","toffalini2018effects","10.1080/09297049.2017.1329411",TRUE
"publications_doi","talamini2018learning","10.1016/j.lindif.2018.04.003",TRUE
"publications_doi","meneghetti2018mentala","10.1016/j.ridd.2017.10.019",TRUE
"publications_doi","meneghetti2018mental","10.1037/pag0000275",TRUE
"publications_doi","knott2018role","10.1037/emo0000407",TRUE
"publications_doi","di-mauro2018effect","10.3389/fpsyg.2018.02168",TRUE
"publications_doi","calgaro2018prova","10.14605/dis1521805",TRUE
"publications_doi","toffalini2017strengths","10.1177/2167702616672038",TRUE
"publications_doi","toffalini2017pros","10.1177/2167702617720716",TRUE
"publications_doi","toffalini2017einstein","10.1016/j.intell.2017.04.006",TRUE
"publications_doi","muffato2017individual","10.1016/j.paid.2017.03.023",TRUE
"publications_doi","mirandola2017working","10.1080/02699931.2015.1075379",TRUE
"publications_doi","mirandola2017what","10.1080/02699931.2017.1319340",TRUE
"publications_doi","meneghetti2017visuo","10.1016/j.ridd.2017.02.013",TRUE
"publications_doi","meneghetti2017contribution","10.1016/j.jenvp.2017.09.004",TRUE
"publications_doi","melinder2017positive","10.1080/09658211.2017.1306080",TRUE
"publications_doi","losito2017abilita","10.14605/dis1431703",TRUE
"publications_doi","grassi2017auditory","10.1371/journal.pone.0187881",TRUE
"publications_doi","giofre2017wisc","10.1449/86189",TRUE
"publications_doi","giofre2017intelligence","10.1016/j.intell.2017.01.014",TRUE
"publications_doi","toffalini2016relevance","10.1007/s11136-016-1231-8",TRUE
"publications_doi","mirandola2016arousal","10.1371/journal.pone.0148716",TRUE
"publications_doi","toffalini2015metacognitive","10.1002/pon.3622",TRUE
"publications_doi","toffalini2015high","10.1016/j.paid.2014.11.029",TRUE
"publications_doi","toffalini2015enhanced","10.1016/j.jrp.2015.03.004",TRUE
"publications_doi","toffalini2014emotional","10.1016/j.paid.2014.02.042",TRUE
"publications_doi","mirandola2014inferential","10.1080/09658211.2013.795976",TRUE
"skills","r","R / RStudio",TRUE
"skills","python","Python",TRUE
"skills","quarto","Quarto",TRUE
"skills","github","GitHub",TRUE
